"CRS SUBJ CD","CRS NBR","CRS TITLE","DEPT CD","DEPT NAME","A","B","C","D","F","ADV","CR","DFR","I","NG","NR","O","PR","S","U","W","Primary Instructor","Grade Regs"
"ME","205","Intro to Thermodynamics","2323","Mechanical & Industrial Engr","0","0","0","0","0","0","0","0","0","0","57","0","0","0","0","2","Sankaranarayanan, Subramanian","59"
"CME","310","Reinforc Concrete Struc Design","2737","Civil, Matls & Env Engineering","0","0","0","0","0","0","0","0","0","0","47","0","0","0","0","0","Iranmanesh, Amirhossein","47"
"IE","446","Quality Control & Reliability","2323","Mechanical & Industrial Engr","0","0","0","0","0","0","0","0","0","0","34","0","0","0","0","0","Huang, Jida","34"
"CME","410","Prestress Concret Struct Desgn","2737","Civil, Matls & Env Engineering","0","0","0","0","0","0","0","0","0","0","22","0","0","0","0","1","Iranmanesh, Amirhossein","23"
"CME","493","Seminar","2737","Civil, Matls & Env Engineering","0","0","0","0","0","0","0","0","0","0","21","0","0","0","0","0","Iranmanesh, Amirhossein","21"
"CME","401","Adv Design Of Metal Struct","2737","Civil, Matls & Env Engineering","0","0","0","0","0","0","0","0","0","0","20","0","0","0","0","0","Iranmanesh, Amirhossein","20"
"BME","595","Seminar Biomedical Engineering","2437","Biomedical Eng - Engineering","0","0","0","0","0","0","0","0","0","0","19","0","0","0","0","0","Khetani, Salman","19"
"CS","440","Software Engr I","2699","Computer Science","48","34","14","2","0","0","0","0","0","0","1","0","0","0","0","4","Bell, John T","103"
"ECE","322","Intro to Electromag and Appl","2949","Electrical & Computer Engr","26","7","10","4","1","0","0","0","0","0","1","0","0","0","0","0","Revelo Alonso, Renata Alejandra","49"
"BIOE","430","Bioinstrumentation I","2437","Biomedical Eng - Engineering","20","12","6","4","1","0","0","0","0","0","0","0","0","0","0","9","Felder, Anthony E","52"
"BIOE","431","Bioinstrumentation I Lab","2437","Biomedical Eng - Engineering","34","7","2","1","1","0","0","0","0","0","0","0","0","0","0","2","Wang, Zhinan","47"
"BME","101","Intro Biomedical Engineering","2437","Biomedical Eng - Engineering","11","6","5","2","3","0","0","0","0","0","0","0","0","0","0","3","Eddington, David T.","30"
"BME","102","Biomed Eng Freshman Seminar","2437","Biomedical Eng - Engineering","0","0","0","0","0","0","0","0","0","0","0","0","0","38","4","1","Shokuhfar, Tolou","43"
"BME","205","Biomed Eng Thermodynamics","2437","Biomedical Eng - Engineering","19","12","5","0","0","0","0","0","1","0","0","0","0","0","0","0","Wang, Zhinan","37"
"BME","240","Modeling Data and Systems","2437","Biomedical Eng - Engineering","20","6","5","1","1","0","0","0","0","0","0","0","0","0","0","1","Wu, Ming","34"
"BME","250","Clinical Problems Biomed Eng","2437","Biomedical Eng - Engineering","17","10","0","0","0","0","0","0","0","0","0","0","0","0","0","0","Wang, Zhinan","27"
"BME","310","Biosystems Analysis","2437","Biomedical Eng - Engineering","12","8","16","6","0","0","0","0","1","0","0","0","0","0","0","4","Royston, Thomas J.","47"
"BME","325","Biotransport","2437","Biomedical Eng - Engineering","29","6","5","1","1","0","0","0","0","0","0","0","0","0","0","0","Peng, Zhangli","42"
"BME","339","Biostatistics I","2437","Biomedical Eng - Engineering","4","6","9","6","2","0","0","0","0","0","0","0","0","0","0","2","Lin, Meishan","29"
"BME","397","Senior Design II","2437","Biomedical Eng - Engineering","67","8","4","2","0","0","0","0","0","0","0","0","0","0","0","2","Felder, Anthony E","83"
"BME","399","Prof Development Biomed Eng","2437","Biomedical Eng - Engineering","0","0","0","0","0","0","0","0","0","0","0","0","0","80","0","0","Esmailbeigi, Hananeh","80"
"BME","410","Medical Device Requirements","2437","Biomedical Eng - Engineering","47","0","0","0","0","0","0","0","0","0","0","0","0","0","0","1","Bogdanowicz, Leszek B","48"
"BME","423","Biomedical Imaging Laboratory","2437","Biomedical Eng - Engineering","8","2","2","0","0","0","0","0","0","0","0","0","0","0","0","0","Klatt, Dieter","12"
"BME","455","Intro to Cell & Tissue Eng","2437","Biomedical Eng - Engineering","11","14","5","4","0","0","0","0","0","0","0","0","0","0","0","1","Alsberg, Eben","35"
"BME","456","Cell & Tissue Laboratory","2437","Biomedical Eng - Engineering","21","10","4","2","0","0","0","0","0","0","0","0","0","0","0","1","Khetani, Salman","38"
"BME","460","Materials in Biomed Eng","2437","Biomedical Eng - Engineering","17","13","6","2","1","0","0","0","0","0","0","0","0","0","0","0","Shin, Jae-Won","39"
"BME","470","Biomedical Optics","2437","Biomedical Eng - Engineering","12","0","0","0","0","0","0","0","0","0","0","0","0","0","0","0","Stroscio, Michael","12"
"BME","475","Neural Engineering I","2437","Biomedical Eng - Engineering","14","9","5","1","0","0","0","0","0","0","0","0","0","0","0","0","Hetling, John R","29"
"BME","476","Neural Eng I Lab","2437","Biomedical Eng - Engineering","26","2","3","0","0","0","0","0","0","0","0","0","0","0","0","0","Hetling, John R","31"
"BME","483","Molecular Modeling Bioinfo","2437","Biomedical Eng - Engineering","8","2","0","0","0","0","0","0","0","0","0","0","0","0","0","1","Ma, Ao","11"
"BME","494","Intro to Medtech Innovation","2437","Biomedical Eng - Engineering","10","0","0","0","0","0","0","0","0","0","0","0","0","0","0","0","Kotche, Miiri Ann","10"
"BME","494","Princ of Photoacoustic Imaging","2437","Biomedical Eng - Engineering","6","5","0","0","0","0","0","0","0","0","0","0","0","0","0","0","Avanaki, Kamran","11"
"BME","548","Nanoscale Biomedical Eng","2437","Biomedical Eng - Engineering","7","6","2","0","0","0","0","0","1","0","0","0","0","0","0","0","Papautsky, Ian","16"
"BME","580","Bioinformatics II","2437","Biomedical Eng - Engineering","5","1","1","2","0","0","0","1","0","0","0","0","0","0","0","2","Liang, Jie","12"
"BME","582","Computational Genomics","2437","Biomedical Eng - Engineering","6","4","0","0","0","0","0","0","0","0","0","0","0","0","0","1","Dai, Yang","11"
"BME","598","Masters Thesis Research","2437","Biomedical Eng - Engineering","0","0","0","0","0","0","0","0","0","0","0","0","0","10","0","1","Khetani, Salman","11"
"BME","599","Ph.D. Thesis Research","2437","Biomedical Eng - Engineering","0","0","0","0","0","0","0","0","0","0","0","0","0","10","0","0","Khetani, Salman","10"
"CHE","201","Intro to Thermodynamics","2709","Chemical Engrg","7","4","0","1","0","0","0","0","0","0","0","0","0","0","0","1","Bilgin, Betul","13"
"CHE","205","Computational Methods in ChE","2709","Chemical Engrg","8","7","1","4","1","0","0","0","0","0","0","0","0","0","0","2","Bilgin, Betul","23"
"CHE","210","Material & Energy Balances","2709","Chemical Engrg","4","4","12","5","0","0","0","0","0","0","0","0","0","0","0","1","Wedgewood, Lewis E","26"
"CHE","230","Molecular Systems in Chem Eng","2709","Chemical Engrg","8","4","0","0","0","0","0","0","0","0","0","0","0","0","0","0","Achinivu, Ezinne","12"
"CHE","301","Chem Engr Thermodynamics","2709","Chemical Engrg","9","9","3","0","0","0","0","0","0","0","0","0","0","0","0","2","Caracotsios, Michael","23"
"CHE","311","Transport Phenomena I","2709","Chemical Engrg","10","11","1","1","0","0","0","0","0","0","0","0","0","0","0","2","Sharma, Vivek","25"
"CHE","312","Transport Phenomena II","2709","Chemical Engrg","9","4","16","12","4","0","0","0","0","0","0","0","0","0","0","4","Wedgewood, Lewis E","49"
"CHE","313","Transport Phenomena III","2709","Chemical Engrg","10","18","14","3","0","0","0","0","0","0","0","0","0","0","0","1","Kim, Sangil","46"
"CHE","321","Chemical Reaction Engr","2709","Chemical Engrg","9","19","13","5","2","0","0","0","1","0","0","0","0","0","0","4","Berry, Vikas","53"
"CHE","341","Chemical Process Control","2709","Chemical Engrg","26","26","0","0","0","0","0","0","0","0","0","0","0","0","0","0","Caracotsios, Michael","52"
"CHE","382","Chem Engr Lab II","2709","Chemical Engrg","36","11","2","1","1","0","0","0","0","0","0","0","0","0","0","0","Zdunek, Alan","51"
"CHE","397","Senior Design II","2709","Chemical Engrg","41","9","1","0","0","0","0","0","0","0","0","0","0","0","0","0","Bilgin, Betul","51"
"CHE","494","Biopharma Process Dev. & Mfg.","2709","Chemical Engrg","10","0","0","0","0","0","0","0","0","0","0","0","0","0","0","0","Singh, Meenesh Rajpal","10"
"CHE","512","Microhydrodynamics, Diffusion","2709","Chemical Engrg","16","1","0","0","0","0","0","0","0","0","0","0","0","0","0","0","Sharma, Vivek","17"
"CHE","527","Adv Chemical Reaction Engr","2709","Chemical Engrg","11","8","0","0","0","0","0","0","0","0","0","0","0","0","0","1","Singh, Meenesh Rajpal","20"
"CHE","595","Advances In Chem Engr Research","2709","Chemical Engrg","14","0","0","0","0","0","0","0","0","0","0","0","0","0","0","0","Mehraeen, Shafigh","14"
"CME","112","Evolution of Infrastructure","2737","Civil, Matls & Env Engineering","24","17","5","5","2","0","0","0","0","0","0","0","0","0","0","2","Karatas, Aslihan","55"
"CME","197","Introduction to Civil Engineer","2737","Civil, Matls & Env Engineering","0","0","0","0","0","0","0","0","0","0","0","0","0","115","2","2","Ataei, Hossein","119"
"CME","201","Statics","2737","Civil, Matls & Env Engineering","6","15","27","13","13","0","0","0","0","0","0","0","0","0","0","13","Foster, Craig","87"
"CME","203","Strength Of Materials","2737","Civil, Matls & Env Engineering","34","39","54","12","2","0","0","0","0","0","0","0","0","0","0","8","Karpov, Eduard","149"
"CME","205","Structural Analysis I","2737","Civil, Matls & Env Engineering","9","10","15","6","4","0","0","0","0","0","0","0","0","0","0","2","Ansari, Farhad","46"
"CME","211","Fluid Mechanics and Hydraulics","2737","Civil, Matls & Env Engineering","20","14","12","1","2","0","0","0","0","0","0","0","0","0","0","1","Abokifa, Ahmed","50"
"CME","260","Properties Of Materials","2737","Civil, Matls & Env Engineering","36","42","37","0","0","0","0","0","0","0","0","0","0","0","0","4","Karpov, Eduard","119"
"CME","261","Materials For Manufacturing","2737","Civil, Matls & Env Engineering","11","12","21","2","1","0","0","0","0","0","0","0","0","0","0","11","Daly, Matthew","58"
"CME","297","Civil Eng Drawing and Design","2737","Civil, Matls & Env Engineering","34","10","1","2","1","0","0","0","3","0","0","0","0","0","0","4","Peiravian, Farideddin","55"
"CME","300","Concrete Properties&Compositn","2737","Civil, Matls & Env Engineering","22","21","3","0","1","0","0","0","0","0","0","0","0","0","0","0","Issa, Mohsen","47"
"CME","301","Behav & Dsgn Metal Struct","2737","Civil, Matls & Env Engineering","17","10","9","3","1","0","0","0","0","0","0","0","0","0","0","3","Ozevin, Didem","43"
"CME","302","Transportation Engr","2737","Civil, Matls & Env Engineering","6","11","10","13","3","0","0","0","1","0","0","0","0","0","0","2","Lin, Jie","46"
"CME","311","Water Resources Engineering","2737","Civil, Matls & Env Engineering","17","15","4","1","1","0","0","0","0","0","0","0","0","0","0","0","Schulenberg, Joseph W","38"
"CME","315","Soil Mechanics & Lab","2737","Civil, Matls & Env Engineering","7","15","13","4","0","0","0","0","0","0","0","0","0","0","0","0","Reddy, Krishna R","39"
"CME","322","Environmental Engineering","2737","Civil, Matls & Env Engineering","8","15","13","6","0","0","0","0","2","0","0","0","0","0","0","1","Khodadoust, Amid","45"
"CME","402","Highway Design","2737","Civil, Matls & Env Engineering","28","23","3","0","0","0","0","0","2","0","0","0","0","0","0","0","Peiravian, Farideddin","56"
"CME","403","Hydraulic Design","2737","Civil, Matls & Env Engineering","4","6","3","0","0","0","0","0","0","0","0","0","0","0","0","0","Burke, Christopher B.","13"
"CME","405","Foundation Dsgn& Analysis","2737","Civil, Matls & Env Engineering","21","14","4","4","0","0","0","0","0","0","0","0","0","0","0","0","Schulenberg, Joseph W","43"
"CME","407","Soil And Site Improvement","2737","Civil, Matls & Env Engineering","17","9","5","0","0","0","0","0","0","0","0","0","0","0","0","0","Schulenberg, Joseph W","31"
"CME","408","Traffic Engineer & Design","2737","Civil, Matls & Env Engineering","6","9","19","2","0","0","0","0","0","0","0","0","0","0","0","0","Mohammadian, Abolfazl","36"
"CME","421","Water Treatment Design","2737","Civil, Matls & Env Engineering","9","11","1","0","0","0","0","0","0","0","0","0","0","0","0","0","Khodadoust, Amid","21"
"CME","434","Finite Element Analysis I","2737","Civil, Matls & Env Engineering","42","43","16","0","0","0","0","0","0","0","0","0","0","0","0","0","Karpov, Eduard","101"
"CME","486","Construction Equipment","2737","Civil, Matls & Env Engineering","13","14","8","5","2","0","0","0","0","0","0","0","0","0","0","3","Ataei, Hossein","45"
"CME","494","Rail Transportation","2737","Civil, Matls & Env Engineering","14","6","1","0","0","0","0","0","1","0","0","0","0","0","0","0","Peiravian, Farideddin","22"
"CME","494","Structural Strengthening","2737","Civil, Matls & Env Engineering","23","7","0","0","0","0","0","0","0","0","0","0","0","0","0","0","Sneed, Lesley H","30"
"CME","494","Sustainable Construction","2737","Civil, Matls & Env Engineering","12","15","5","0","0","0","0","0","0","0","0","0","0","0","0","1","Karatas, Aslihan","33"
"CME","497","Capstone Design","2737","Civil, Matls & Env Engineering","83","22","2","0","0","0","0","0","0","0","0","0","0","0","0","0","Burke, Christopher B.","107"
"CME","507","Sustainable Transportation","2737","Civil, Matls & Env Engineering","6","5","0","0","0","0","0","0","0","0","0","0","0","0","0","0","Lin, Jie","11"
"CME","514","Sustainable Engineering","2737","Civil, Matls & Env Engineering","15","0","0","0","0","0","0","0","0","0","0","0","0","0","0","1","Reddy, Krishna R","16"
"CME","519","Structural Steel Systems","2737","Civil, Matls & Env Engineering","21","0","0","0","0","0","0","0","0","0","0","0","0","0","0","0","Mahamid, Mustafa","21"
"CME","544","Structural Dynamics","2737","Civil, Matls & Env Engineering","12","3","1","0","0","0","0","0","0","0","0","0","0","0","0","0","Ozevin, Didem","16"
"CME","586","Construction Regulations","2737","Civil, Matls & Env Engineering","26","0","0","0","0","0","0","0","0","0","0","0","0","0","0","0","Ataei, Hossein","26"
"CME","594","Adv Crystallography","2737","Civil, Matls & Env Engineering","9","3","0","0","0","0","0","0","0","0","0","0","0","0","0","1","Daly, Matthew","13"
"CME","594","Pre Constr & Contract Administ","2737","Civil, Matls & Env Engineering","19","4","0","0","0","0","0","0","0","0","0","0","0","0","0","1","Ataei, Hossein","24"
"CS","100","Discovering Computer Science","2699","Computer Science","22","7","10","2","11","0","0","0","0","0","0","0","0","0","0","12","Kidane, Ellen G","64"
"CS","107","Intro Comp & Programming","2699","Computer Science","35","29","11","10","8","0","0","0","1","0","0","0","0","0","0","5","Reckinger, Scott J","99"
"CS","109","Prog for Engineers w/MatLab","2699","Computer Science","152","61","18","6","20","0","0","0","0","0","0","0","0","0","0","9","Koehler, Adam Thomas","266"
"CS","111","Program Design I","2699","Computer Science","27","30","24","6","19","0","0","0","0","0","0","0","0","0","0","14","Hayes, David P","120"
"CS","111","Program Design I","2699","Computer Science","15","7","7","0","1","0","0","0","1","0","0","0","0","0","0","1","Reed, Dale F","32"
"CS","113","Program Design I Law & Policy","2699","Computer Science","9","13","10","1","29","0","0","0","13","0","0","0","0","0","0","16","Sloan, Robert Hal","91"
"CS","141","Program Design II","2699","Computer Science","29","48","47","29","42","0","0","0","0","0","0","0","0","0","0","30","Fulton, Christopher","225"
"CS","141","Program Design II","2699","Computer Science","42","33","31","11","9","0","0","0","0","0","0","0","0","0","0","4","Kidane, Ellen G","130"
"CS","151","Foundations of Computing","2699","Computer Science","129","103","78","29","42","0","0","0","4","0","0","0","0","0","0","34","Bello Lander, Gonzalo Alejandro","419"
"CS","211","Programming Practicum","2699","Computer Science","105","47","38","33","22","0","0","9","0","0","0","0","0","0","0","27","Lillis, John P","281"
"CS","251","Data Structures","2699","Computer Science","136","64","41","28","28","0","0","0","1","0","0","0","0","0","0","38","Troy, Patrick A","336"
"CS","261","Machine Organization","2699","Computer Science","42","57","53","37","24","0","0","0","4","0","0","0","0","0","0","36","Theys, Mitchell D","253"
"CS","294","DPI Special Topics","2699","Computer Science","12","0","0","0","0","0","0","0","0","0","0","0","0","0","0","0","Hummel, Joseph E","12"
"CS","294","Ugrad TA Seminar","2699","Computer Science","34","0","0","0","0","0","0","0","0","0","0","0","0","0","0","0","McCarty, Evan","34"
"CS","294","Unix Terminal Bootcamp","2699","Computer Science","46","0","0","0","24","0","0","0","0","0","0","0","0","0","0","7","Eriksson, Jakob L","77"
"CS","301","Languages and Automata","2699","Computer Science","34","18","4","0","0","0","0","0","0","0","0","0","0","0","0","2","DasGupta, Bhaskar","58"
"CS","301","Languages and Automata","2699","Computer Science","37","35","13","2","4","0","0","0","0","0","0","0","0","0","0","3","McCarty, Evan","94"
"CS","301","Languages and Automata","2699","Computer Science","32","19","6","0","1","0","0","0","0","0","0","0","0","0","0","2","Sidiropoulos, Anastasios","60"
"CS","341","Programming Language Concepts","2699","Computer Science","78","52","25","19","21","0","0","0","0","0","0","0","0","0","0","4","Hummel, Joseph E","199"
"CS","342","Software Design","2699","Computer Science","70","35","21","13","14","0","0","0","0","0","0","0","0","0","0","9","Hallenbeck, Mark","162"
"CS","361","Systems Programming","2699","Computer Science","30","29","48","24","33","0","0","0","9","0","0","0","0","0","0","18","Eriksson, Jakob L","191"
"CS","362","Computer Design","2699","Computer Science","144","40","18","8","8","0","0","0","2","0","0","0","0","0","0","1","Diaz Herrera, Diana","221"
"CS","377","Communication and Ethics","2699","Computer Science","99","10","8","0","2","0","0","0","0","0","0","0","0","0","0","1","Burton, Emanuelle Neuman","120"
"CS","377","Communication and Ethics","2699","Computer Science","85","4","0","0","2","0","0","0","0","0","0","0","0","0","0","0","Clayville, Kristel","91"
"CS","378","Framework-based Development"," "," ","34","19","10","4","2","0","0","0","0","0","0","0","0","0","0","0","Hallenbeck, Mark","69"
"CS","407","Economics and Computation","2699","Computer Science","19","10","8","5","5","0","0","0","0","0","0","0","0","0","0","2","Kash, Ian Alexander","49"
"CS","411","Artificial Intelligence I","2699","Computer Science","15","19","3","6","1","0","0","0","0","0","0","0","0","0","0","6","Gmytrasiewicz, Piotr","50"
"CS","411","Artificial Intelligence I","2699","Computer Science","18","11","9","11","7","0","0","0","0","0","0","0","0","0","0","3","Liu, Bing","59"
"CS","412","Intro to Machine Learning","2699","Computer Science","15","8","4","3","3","0","0","0","1","0","0","0","0","0","0","10","Ravi, Sathya","44"
"CS","412","Intro to Machine Learning","2699","Computer Science","24","19","9","1","1","0","0","0","0","0","0","0","0","0","0","3","Ziebart, Brian D","57"
"CS","418","Introduction to Data Science","2699","Computer Science","38","21","2","6","0","0","0","0","0","0","0","0","0","0","0","2","Mobasheri, Nasim","69"
"CS","418","Introduction to Data Science","2699","Computer Science","35","15","6","3","0","0","0","0","0","0","0","0","0","0","0","2","Zheleva, Elena","61"
"CS","422","User Interface Design","2699","Computer Science","16","24","10","2","2","0","0","0","0","0","0","0","0","0","0","2","Soni, Nikita Nandish","56"
"CS","424","Visual Analytics","2699","Computer Science","5","8","4","5","3","0","0","0","0","0","0","0","0","0","0","4","Johnson, Andrew E","29"
"CS","425","Computer Graphics I","2699","Computer Science","14","15","8","3","0","0","0","0","1","0","0","0","0","0","0","2","Miranda, Fabio","43"
"CS","427","Creative Coding","2699","Computer Science","6","4","4","0","1","0","0","0","0","0","0","0","0","0","0","1","Johnson, Andrew E","16"
"CS","442","Software Engineering II","2699","Computer Science","27","17","1","1","0","0","0","0","0","0","0","0","0","0","0","0","Bell, John T","46"
"CS","450","Intro to Networking","2699","Computer Science","8","17","16","4","1","0","0","0","0","0","0","0","0","0","0","3","Vamanan, Balajee","49"
"CS","454","Principles of Concurrent Prog","2699","Computer Science","37","10","10","1","0","0","0","0","0","0","0","0","0","0","0","2","Ganchinho de Pina, Luis Gabriel","60"
"CS","466","Adv Computer Architecture","2949","Electrical & Computer Engr","3","11","9","1","0","0","0","0","0","0","0","0","0","0","0","0","Zhu, Zhichun","24"
"CS","468","Network Security","2699","Computer Science","3","8","6","2","1","0","0","0","0","0","0","0","0","0","0","1","Polakis, Jason","21"
"CS","474","Obj-Oriented Langs & Envs","2699","Computer Science","8","13","7","4","2","0","0","0","0","0","0","0","0","0","0","8","Grechanik, Mark","42"
"CS","478","Development of Mobile Apps","2699","Computer Science","25","22","9","10","0","0","0","0","0","0","0","0","0","0","0","1","Buy, Ugo A","67"
"CS","479","Wearables Technology Lab","2437","Biomedical Eng - Engineering","16","4","1","1","0","0","0","0","0","0","0","0","0","0","0","1","Esmailbeigi, Hananeh","23"
"CS","480","Database Systems","2699","Computer Science","55","7","3","1","0","0","0","0","0","0","0","0","0","0","0","0","Diaz Herrera, Diana","66"
"CS","480","Database Systems","2699","Computer Science","43","15","3","0","1","0","0","0","2","0","0","0","0","0","0","1","Hayes, David P","65"
"CS","491","Seminar","2699","Computer Science","0","49","0","0","3","0","0","0","0","0","0","0","0","0","0","0","Di Eugenio, Barbara","52"
"CS","494","Provably Correct Programming","2699","Computer Science","12","4","3","2","1","0","0","0","1","0","0","0","0","0","0","1","Mansky, William Ernest","24"
"CS","499","Prof. Development Seminar","2699","Computer Science","0","0","0","0","0","0","0","0","0","0","0","0","0","200","2","6","Bell, John T","208"
"CS","511","Artificial Intelligence II","2699","Computer Science","13","1","0","0","1","0","0","0","0","0","0","0","0","0","0","1","Gmytrasiewicz, Piotr","16"
"CS","512","Advanced Machine Learning","2699","Computer Science","36","11","1","0","0","0","0","0","0","0","0","0","0","0","0","3","Zhang, Xinhua","51"
"CS","518","Deep Learning for Comp Vis","2699","Computer Science","24","7","0","0","0","0","0","0","0","0","0","0","0","0","0","0","Tang, Wei","31"
"CS","521","Stat Natural Lang Processing","2699","Computer Science","33","1","0","0","0","0","0","0","0","0","0","0","0","0","0","0","Parde, Natalie","34"
"CS","522","Human-Computer Interaction","2699","Computer Science","17","11","1","0","0","0","0","0","0","0","0","0","0","0","0","0","Chattopadhyay, Debaleena","29"
"CS","532","Adv. Top. in NLP -Biomed. & HC","2699","Computer Science","8","3","0","0","0","0","0","0","0","0","0","0","0","0","0","0","Shweta, FNU","11"
"CS","533","Deep Learning for NLP","2699","Computer Science","32","0","0","0","0","0","0","0","0","0","0","0","0","0","0","0","Caragea, Cornelia Alexandra","32"
"CS","540","Adv Topics in Softwr Engr","2699","Computer Science","24","6","0","0","0","0","0","0","0","0","0","0","0","0","0","0","Buy, Ugo A","30"
"CS","566","Parallel Processing","2699","Computer Science","13","0","0","0","0","0","0","0","0","0","0","0","0","0","0","2","Kshemkalyani, Ajay D","15"
"CS","569","High-Performance Process&Systm","2949","Electrical & Computer Engr","25","7","0","0","0","0","0","0","0","0","0","0","0","0","0","0","Zhu, Zhichun","32"
"CS","587","Computer Systems Security","2699","Computer Science","18","10","0","0","0","0","0","0","2","0","0","0","0","0","0","0","Solworth, Jon A","30"
"CS","594","Modern Reinforcement Learning","2699","Computer Science","20","2","0","0","0","0","0","0","0","0","0","0","0","0","0","0","Kash, Ian Alexander","22"
"CS","594","Representations in Algo. Des.","2699","Computer Science","23","8","0","0","0","0","0","0","0","0","0","0","0","0","0","0","Sun, Xiaorui","31"
"CS","598","MS Thesis Research","2699","Computer Science","0","0","0","0","0","0","0","0","1","0","0","0","0","15","0","0","Di Eugenio, Barbara","16"
"CS","599","PhD Thesis Research","2699","Computer Science","0","0","0","0","0","0","0","0","1","0","0","0","0","10","0","0","Caragea, Cornelia Alexandra","11"
"CS","599","PhD Thesis Research","2699","Computer Science","0","0","0","0","0","0","0","0","0","0","0","0","0","22","0","0","Yu, Philip S","22"
"ECE","115","IntroElec&CmptrEng","2949","Electrical & Computer Engr","48","18","17","6","7","0","0","0","0","0","0","0","0","0","0","14","Caliskan, Vahe","110"
"ECE","210","Electric Circuit Analysis","2949","Electrical & Computer Engr","86","58","22","9","9","0","0","0","0","0","0","0","0","0","0","6","Kosmach, James","190"
"ECE","225","Circuit Analysis","2949","Electrical & Computer Engr","35","14","15","9","5","0","0","0","1","0","0","0","0","0","0","2","Caliskan, Vahe","81"
"ECE","265","Intro to Logic Design","2949","Electrical & Computer Engr","35","21","13","2","2","0","0","0","0","0","0","0","0","0","0","6","Goncharoff, Vladimir","79"
"ECE","266","Intro to Embedded Systems","2949","Electrical & Computer Engr","34","32","13","3","5","0","0","0","0","0","0","0","0","0","0","6","Zhang, Zhao","93"
"ECE","310","Discrete &Cont Signal&Systms","2949","Electrical & Computer Engr","20","11","3","2","1","0","0","0","1","0","0","0","0","0","0","4","Kosmach, James","42"
"ECE","311","Communication Engineering","2949","Electrical & Computer Engr","22","16","10","7","2","0","0","0","0","0","0","0","0","0","0","1","Smida, Besma","58"
"ECE","317","DSP I","2949","Electrical & Computer Engr","16","18","22","10","0","0","0","0","0","0","0","0","0","0","0","0","Ansari, Rashid","66"
"ECE","333","Computer Comm Networks I","2949","Electrical & Computer Engr","22","18","6","0","0","0","0","0","0","0","0","0","0","0","0","4","Abu Salah, Lo'Ay Mohammad","50"
"ECE","340","Electronics I","2949","Electrical & Computer Engr","14","11","20","13","6","0","0","0","0","0","0","0","0","0","0","2","Metlushko, Vitali V","66"
"ECE","341","Probabil &Rand Proc for Engr","2949","Electrical & Computer Engr","26","27","18","3","1","0","0","0","0","0","0","0","0","0","0","2","Jin, Ning","77"
"ECE","342","Electronics II","2949","Electrical & Computer Engr","15","4","5","5","0","0","0","0","0","0","0","0","0","0","0","0","Metlushko, Vitali V","29"
"ECE","346","Solid State Device Theory","2949","Electrical & Computer Engr","24","21","3","0","0","0","0","0","0","0","0","0","0","0","0","1","Stroscio, Michael","49"
"ECE","350","Principles of Auto Control","2949","Electrical & Computer Engr","14","18","15","1","1","0","0","0","2","0","0","0","0","0","0","0","Jin, Ning","51"
"ECE","366","Computer Organization","2949","Electrical & Computer Engr","22","26","4","3","3","0","0","0","0","0","0","0","0","0","0","2","Goncharoff, Vladimir","60"
"ECE","397","Senior Design II","2949","Electrical & Computer Engr","5","11","0","0","0","0","0","0","0","0","0","0","0","0","0","0","Abu Salah, Lo'Ay Mohammad","16"
"ECE","397","Senior Design II","2949","Electrical & Computer Engr","44","16","4","0","0","0","0","0","0","0","0","0","0","0","0","0","Alonso, Matthew Paul","64"
"ECE","397","Senior Design II","2949","Electrical & Computer Engr","49","15","3","2","1","0","0","0","0","0","0","0","0","0","0","0","Revelo Alonso, Renata Alejandra","70"
"ECE","407","Pattern Recognition I","2949","Electrical & Computer Engr","27","29","3","0","0","0","0","0","0","0","0","0","0","0","0","2","Cetin, Ahmet Enis","61"
"ECE","412","Intro to Filter Synthesis","2949","Electrical & Computer Engr","19","7","15","1","0","0","0","0","1","0","0","0","0","0","0","1","Caliskan, Vahe","44"
"ECE","418","Statist Digit Signa Proc","2949","Electrical & Computer Engr","7","11","10","2","1","0","0","0","0","0","0","0","0","0","0","0","Jin, Ning","31"
"ECE","423","EM Compatibility","2949","Electrical & Computer Engr","6","6","2","0","0","0","0","0","0","0","0","0","0","0","0","1","Erricolo, Danilo","15"
"ECE","424","RF Guided Propagation","2949","Electrical & Computer Engr","10","3","0","0","0","0","0","0","0","0","0","0","0","0","0","0","Chen, Pai-Yen","13"
"ECE","436","Computer Comm Networks II","2949","Electrical & Computer Engr","14","7","1","0","0","0","0","0","0","0","0","0","0","0","0","2","Abu Salah, Lo'Ay Mohammad","24"
"ECE","442","Power Devices & ICs","2949","Electrical & Computer Engr","3","5","4","6","3","0","0","0","0","0","0","0","0","0","0","3","Leach, Jacob","24"
"ECE","452","Robotics: Algorithm/Control","2949","Electrical & Computer Engr","16","15","7","1","1","0","0","0","0","0","0","0","0","0","0","0","Zefran, Milos","40"
"ECE","465","Digital Systems Design","2949","Electrical & Computer Engr","7","10","6","7","1","0","0","0","0","0","0","0","0","0","0","2","Cheema, Umer Iftikhar","33"
"ECE","466","Adv Computer Architecture","2949","Electrical & Computer Engr","6","10","3","4","0","0","0","0","0","0","0","0","0","0","0","1","Zhu, Zhichun","24"
"ECE","467","Introduc to VLSI Design","2949","Electrical & Computer Engr","6","7","11","7","1","0","0","0","1","0","0","0","0","0","0","0","Partin Vaisband, Inna","33"
"ECE","469","HDL based System Design","2949","Electrical & Computer Engr","16","4","2","0","0","0","0","0","0","0","0","0","0","0","0","0","Rao, Wenjing","22"
"ECE","491","Into Neural Networks","2949","Electrical & Computer Engr","9","18","7","2","0","0","0","0","0","0","0","0","0","0","0","1","Cetin, Ahmet Enis","37"
"ECE","491","Intro Neural Networks","2949","Electrical & Computer Engr","13","2","0","0","0","0","0","0","0","0","0","0","0","0","0","0","Cetin, Ahmet Enis","15"
"ECE","493","Special Problems","2949","Electrical & Computer Engr","16","0","0","0","0","0","0","0","0","0","0","0","0","0","0","0","Abu Salah, Lo'Ay Mohammad","16"
"ECE","499","Prof. Development Seminar","2949","Electrical & Computer Engr","0","0","0","0","0","0","0","0","0","0","0","0","0","108","0","1","Devroye, Natasha","109"
"ECE","515","Imag Analysis & Com Vis II","2949","Electrical & Computer Engr","13","8","5","0","0","0","0","0","0","0","0","0","0","0","0","0","Ansari, Rashid","26"
"ECE","530","Random Signal Analysis","2949","Electrical & Computer Engr","9","8","0","1","0","0","0","0","0","0","0","0","0","0","0","0","Schonfeld, Dan","18"
"ECE","550","Linear Systems","2949","Electrical & Computer Engr","4","4","3","0","0","0","0","0","0","0","0","0","0","0","0","1","Han, Shuo","12"
"ECE","567","Advanced VLSI Design","2949","Electrical & Computer Engr","9","3","0","0","0","0","0","0","0","0","0","0","0","0","0","0","Trivedi, Amit","12"
"ECE","594","Modern Distributed Power Sys","2949","Electrical & Computer Engr","13","5","1","0","0","0","0","0","0","0","0","0","0","0","0","0","He, Lina","19"
"ECE","595","Departmental Seminar","2949","Electrical & Computer Engr","0","0","0","0","0","0","0","0","0","0","0","0","0","29","8","0","Partin Vaisband, Inna","37"
"ENER","552","Design of Efficient Buildings","2323","Mechanical & Industrial Engr","10","3","0","0","0","0","0","0","0","0","0","0","0","0","0","0","Ryan, William A","13"
"ENGR","100","Engineering Orientation","2284","Engineering Admin","0","0","0","0","0","0","0","0","90","0","0","0","0","187","16","16","Narubin, Simona Ieva","309"
"ENGR","101","CME Success Seminar","2284","Engineering Admin","0","0","0","0","0","0","0","0","0","0","0","0","0","11","0","0","Narubin, Simona Ieva","11"
"ENGR","101","CS Success Seminar","2284","Engineering Admin","0","0","0","0","0","0","0","0","1","0","0","0","0","37","0","2","Narubin, Simona Ieva","40"
"ENGR","101","ECE Success Seminar","2284","Engineering Admin","0","0","0","0","0","0","0","0","0","0","0","0","0","10","0","1","Narubin, Simona Ieva","11"
"ENGR","101","MIE Success Seminar","2284","Engineering Admin","0","0","0","0","0","0","0","0","0","0","0","0","0","14","0","0","Narubin, Simona Ieva","14"
"ENGR","111","Pract Additive Manufacturing","2284","Engineering Admin","0","0","0","0","0","0","0","0","0","0","0","0","0","74","10","2","Lynch, Dylan J","86"
"ENGR","294","S-STEM Service Learn Project I","2284","Engineering Admin","17","0","0","0","0","0","0","0","0","0","0","0","0","0","0","1","Darabi, Houshang","18"
"IE","201","Financial Engineering","2323","Mechanical & Industrial Engr","17","29","18","7","0","0","0","0","0","0","0","0","0","0","0","7","Anahideh, Hadis","78"
"IE","201","Financial Engineering","2323","Mechanical & Industrial Engr","39","9","7","2","2","0","0","0","0","0","0","0","0","0","0","1","Haghighi, Azadeh","60"
"IE","342","Probability & Stat for Engr","2323","Mechanical & Industrial Engr","50","21","14","5","3","0","0","0","0","0","0","0","0","0","0","10","Haghighi, Azadeh","103"
"IE","342","Probability & Stat for Engr","2323","Mechanical & Industrial Engr","13","53","21","8","2","0","0","0","0","0","0","0","0","0","0","4","He, David Weihua","101"
"IE","380","Manufacturing Process Princ","2323","Mechanical & Industrial Engr","4","6","0","1","1","0","0","0","0","0","0","0","0","0","0","0","Shahbazian-Yassar, Reza","12"
"IE","397","Senior Design Il","2323","Mechanical & Industrial Engr","27","0","3","0","0","0","0","0","0","0","0","0","0","0","0","0","Brown, Michael A","30"
"IE","442","Design &Analysis of Experiment","2323","Mechanical & Industrial Engr","18","22","3","0","2","0","0","0","0","0","0","0","0","0","0","1","Pan, Yayue","46"
"IE","463","Plant Layout & Mater Handling","2323","Mechanical & Industrial Engr","25","9","2","0","2","0","0","0","1","0","0","0","0","0","0","0","Williams, Quintin Levurn","39"
"IE","466","Product Plan &Inventory Contrl","2323","Mechanical & Industrial Engr","18","16","3","0","1","0","0","0","1","0","0","0","0","0","0","0","Williams, Quintin Levurn","39"
"IE","472","Operations Research II","2323","Mechanical & Industrial Engr","33","19","3","2","0","0","0","0","0","0","0","0","0","0","0","0","He, David Weihua","57"
"IE","494","Supply Chain Management","2323","Mechanical & Industrial Engr","31","6","0","0","0","0","0","0","0","0","0","0","0","0","0","0","Williams, Quintin Levurn","37"
"IE","499","Prof Development Seminar","2323","Mechanical & Industrial Engr","0","0","0","0","0","0","0","0","0","0","0","0","0","28","0","0","Reckinger, Scott J","28"
"IE","594","Data Science II","2323","Mechanical & Industrial Engr","11","8","4","0","0","0","0","0","0","0","0","0","0","0","0","0","Anahideh, Hadis","23"
"IE","594","Time Series Analysis","2323","Mechanical & Industrial Engr","11","6","3","0","0","0","0","0","0","0","0","0","0","0","0","0","Li, Lin","20"
"IE","595","Industrial Engineering Seminar","2323","Mechanical & Industrial Engr","0","0","0","0","0","0","0","0","0","0","0","0","0","62","0","0","Lilley, Carmen M","62"
"IT","202","Web & Multimedia Technology","2699","Computer Science","4","1","2","0","4","0","0","0","2","0","0","0","0","0","0","0","Hayes, David P","13"
"ME","205","Intro to Thermodynamics","2323","Mechanical & Industrial Engr","7","11","9","2","1","0","0","0","0","0","0","0","0","0","0","3","Manafzadeh, Saeed","33"
"ME","210","Engineering Dynamics","2323","Mechanical & Industrial Engr","36","34","26","9","2","0","0","0","0","0","0","0","0","0","0","3","Reckinger, Scott J","110"
"ME","211","Fluid Mechanics l","2323","Mechanical & Industrial Engr","7","8","10","2","2","0","0","0","0","0","0","0","0","0","0","6","Megaridis, Constantine M","35"
"ME","211","Fluid Mechanics l","2323","Mechanical & Industrial Engr","3","11","13","3","4","0","0","0","0","0","0","0","0","0","0","12","Mirbod, Parisa","46"
"ME","250","Intro to Engineering Design","2323","Mechanical & Industrial Engr","10","13","2","3","1","0","0","0","1","0","0","0","0","0","0","2","Abiade, Jeremiah T","32"
"ME","250","Intro to Engineering Design","2323","Mechanical & Industrial Engr","31","7","2","4","0","0","0","0","0","0","0","0","0","0","0","2","Siow, Yeow","46"
"ME","250","Intro to Engineering Design","2323","Mechanical & Industrial Engr","7","6","0","0","0","0","0","0","0","0","0","0","0","0","0","1","Szwalek, Jamison","14"
"ME","261","Materials for Manufacturing","2737","Civil, Matls & Env Engineering","4","12","6","0","0","0","0","0","0","0","0","0","0","0","0","2","Daly, Matthew","24"
"ME","308","Mechanical Vibrations","2323","Mechanical & Industrial Engr","16","23","7","2","3","0","0","0","1","0","0","0","0","0","0","4","Finan, John Desmond","56"
"ME","308","Mechanical Vibrations","2323","Mechanical & Industrial Engr","29","13","11","9","2","0","0","0","1","0","0","0","0","0","0","1","Siow, Yeow","66"
"ME","312","Dynamic Syst & Control","2323","Mechanical & Industrial Engr","11","16","1","0","0","0","0","0","2","0","0","0","0","0","0","4","Cetin, Sabri","34"
"ME","312","Dynamic Syst & Control","2323","Mechanical & Industrial Engr","26","19","7","0","1","0","0","0","0","0","0","0","0","0","0","2","Kim, Myunghee","55"
"ME","320","Mechanisms&Dynamics/Machinery","2323","Mechanical & Industrial Engr","21","12","13","6","3","0","0","0","0","0","0","0","0","0","0","3","Brown, Michael A","58"
"ME","320","Mechanisms&Dynamics/Machinery","2323","Mechanical & Industrial Engr","16","12","9","2","0","0","0","0","0","0","0","0","0","0","0","1","Szwalek, Jamison","40"
"ME","321","Heat Transfer","2323","Mechanical & Industrial Engr","15","26","12","2","1","0","0","0","0","0","0","0","0","0","0","0","Jung, Eunjung","56"
"ME","321","Heat Transfer","2323","Mechanical & Industrial Engr","9","11","10","9","14","0","0","0","0","0","0","0","0","0","0","5","Salehi-Khojin, Amin","58"
"ME","325","Intermediate Thermodynamics","2323","Mechanical & Industrial Engr","4","7","9","2","2","0","0","0","0","0","0","0","0","0","0","1","Anand, Sushant","25"
"ME","325","Intermediate Thermodynamics","2323","Mechanical & Industrial Engr","15","13","18","4","1","0","0","0","1","0","0","0","0","0","0","2","Megaridis, Constantine M","54"
"ME","341","Exp Methods in Mech Engr","2323","Mechanical & Industrial Engr","19","23","6","2","2","0","0","0","0","0","0","0","0","0","0","1","Paoli, Roberto","53"
"ME","341","Exp Methods in Mech Engr","2323","Mechanical & Industrial Engr","38","11","4","0","0","0","0","0","0","0","0","0","0","0","0","0","Xu, Jie","53"
"ME","347","Computer-Aided Design","2323","Mechanical & Industrial Engr","74","14","6","3","2","0","0","0","0","0","0","0","0","0","0","3","Szwalek, Jamison","102"
"ME","370","Mechanical Engineering Design","2323","Mechanical & Industrial Engr","11","11","6","6","4","0","0","0","1","0","0","0","0","0","0","0","Bhounsule, Pranav Audhut","39"
"ME","370","Mechanical Engineering Design","2323","Mechanical & Industrial Engr","8","29","15","0","1","0","0","0","0","0","0","0","0","0","0","0","Subramanian, Arunkumar","53"
"ME","380","Manufacturing Process Princ","2323","Mechanical & Industrial Engr","5","5","1","1","0","0","0","0","0","0","0","0","0","0","0","1","Abiade, Jeremiah T","13"
"ME","380","Manufacturing Process Princ","2323","Mechanical & Industrial Engr","23","7","3","2","0","0","0","0","1","0","0","0","0","0","0","0","Shahbazian-Yassar, Reza","36"
"ME","397","Senior Design Il","2323","Mechanical & Industrial Engr","38","23","0","0","0","0","0","0","0","0","0","0","0","0","0","0","Alonso, Matthew Paul","61"
"ME","397","Senior Design Il","2323","Mechanical & Industrial Engr","27","7","4","0","0","0","0","0","0","0","0","0","0","0","0","0","Brown, Michael A","38"
"ME","397","Senior Design Il","2323","Mechanical & Industrial Engr","54","5","3","0","0","0","0","0","0","0","0","0","0","0","0","1","Komperda, Jonathan","63"
"ME","422","Heating Vent&Air Conditioning","2323","Mechanical & Industrial Engr","28","21","9","3","0","0","0","0","0","0","0","0","0","0","0","2","Ryan, William A","63"
"ME","428","Numerical Methods in ME","2323","Mechanical & Industrial Engr","1","2","5","2","2","0","0","0","0","0","0","0","0","0","0","0","Aggarwal, Suresh K","12"
"ME","428","Numerical Methods in ME","2323","Mechanical & Industrial Engr","17","13","7","9","1","0","0","0","1","0","0","0","0","0","0","0","Komperda, Jonathan","48"
"ME","481","Additive Manufacturing Process","2323","Mechanical & Industrial Engr","18","24","4","3","1","0","0","0","0","0","0","0","0","0","0","1","Pan, Yayue","51"
"ME","494","Battery Systems and Control","2323","Mechanical & Industrial Engr","12","0","0","0","0","0","0","0","0","0","0","0","0","0","0","0","Yurkiv, Vitaliy Robert","12"
"ME","499","Prof Development Seminar","2323","Mechanical & Industrial Engr","0","0","0","0","0","0","0","0","0","0","0","0","0","128","0","1","Reckinger, Scott J","129"
"ME","501","Advanced Thermodynamics","2323","Mechanical & Industrial Engr","6","3","3","0","0","0","0","0","0","0","0","0","0","0","0","1","Brezinsky, Kenneth","13"
"ME","502","Applied Stress Analysis II","2323","Mechanical & Industrial Engr","13","0","0","0","0","0","0","0","0","0","0","0","0","0","0","0","Shahbazian-Yassar, Reza","13"
"ME","512","Automatic Control of Mech Syst","2323","Mechanical & Industrial Engr","16","0","0","0","0","0","0","0","0","0","0","0","0","0","0","0","Cetin, Sabri","16"
"ME","517","Microfluidics","2323","Mechanical & Industrial Engr","13","2","1","0","0","0","0","0","0","0","0","0","0","0","0","0","Xu, Jie","16"
"ME","521","Heat Conduction","2323","Mechanical & Industrial Engr","9","1","3","0","0","0","0","0","0","0","0","0","0","0","0","1","Manafzadeh, Saeed","14"
"ME","547","Adv Concepts/Comptr-Aided Engr","2323","Mechanical & Industrial Engr","3","4","1","0","0","0","0","0","0","0","0","0","0","0","0","5","Hatami Marbini, Hamed","13"
"ME","594","Mathematical Methods Engineers","2323","Mechanical & Industrial Engr","14","7","3","1","0","0","0","0","0","0","0","0","0","0","0","0","Yarin, Alexander","25"
"ME","595","Mechanical Engineering Seminar","2323","Mechanical & Industrial Engr","0","0","0","0","0","0","0","0","0","0","0","0","0","124","0","0","Lilley, Carmen M","124"
"ME","599","PhD Thesis Research","2323","Mechanical & Industrial Engr","0","0","0","0","0","0","0","0","0","0","0","0","0","10","0","0","Salehi-Khojin, Amin","10"
